{"cameraMode":{"drawMode":0,"name":"Shaded","section":"Shading Mode"},"sceneLighting":false,"audioPlay":false,"sceneViewState":{"showFog":true,"showMaterialUpdate":false,"showSkybox":false,"showFlares":true,"showImageEffects":true,"showParticleSystems":true,"showVisualEffectGraphs":true,"m_FxEnabled":true},"in2DMode":false,"pivot":{"x":-5.940767765045166,"y":-0.3258253037929535,"z":0.09036898612976074},"rotation":{"x":0.004644116852432489,"y":0.9812772274017334,"z":-0.19107039272785188,"w":0.023850616067647935},"size":0.7141429781913757,"orthographic":false}